{
  "total_actions": 1396,
  "elapsed_time_sec": 245.56829380989075,
  "average_fps": 5.684772974318614,
  "vl_encoding": {
    "count": 312,
    "mean_ms": 568.1653252014747,
    "std_ms": 52.42675544703066,
    "min_ms": 504.7574043273926,
    "max_ms": 1018.791675567627,
    "p50_ms": 568.3121681213379,
    "p95_ms": 626.8613457679749,
    "p99_ms": 672.0111417770385
  },
  "sensor_encoding": {
    "mean_ms": 12.528644936551027,
    "std_ms": 18.200046124545974
  },
  "robot_encoding": {
    "mean_ms": 4.633936494918767,
    "std_ms": 4.938296854548216
  },
  "action_prediction": {
    "mean_ms": 66.3044274513132,
    "std_ms": 27.442202941778184,
    "min_ms": 39.83592987060547,
    "max_ms": 224.86305236816406,
    "p50_ms": 60.778141021728516,
    "p95_ms": 126.24262571334835,
    "p99_ms": 189.2499232292177
  },
  "total_inference": {
    "mean_ms": 93.81234579860504,
    "std_ms": 53.404536725019675,
    "min_ms": 45.189619064331055,
    "max_ms": 275.6783962249756
  }
}