{
  "total_actions": 57,
  "elapsed_time_sec": 52.42344927787781,
  "average_fps": 1.087299687166015,
  "vl_encoding": {
    "count": 57,
    "mean_ms": 537.2960107368335,
    "std_ms": 71.14753734790547,
    "min_ms": 511.80052757263184,
    "max_ms": 1052.3505210876465,
    "p50_ms": 528.0666351318359,
    "p95_ms": 560.7938766479491,
    "p99_ms": 812.9531860351553
  },
  "sensor_encoding": {
    "mean_ms": 0,
    "std_ms": 0
  },
  "robot_encoding": {
    "mean_ms": 0,
    "std_ms": 0
  },
  "action_prediction": {
    "mean_ms": 0,
    "std_ms": 0,
    "min_ms": 0,
    "max_ms": 0,
    "p50_ms": 0,
    "p95_ms": 0,
    "p99_ms": 0
  },
  "total_inference": {
    "mean_ms": 0,
    "std_ms": 0,
    "min_ms": 0,
    "max_ms": 0
  }
}