{
  "total_actions": 1648,
  "elapsed_time_sec": 198.95192623138428,
  "average_fps": 8.283408113794032,
  "vl_encoding": {
    "count": 180,
    "mean_ms": 598.0729964044359,
    "std_ms": 48.4825643317489,
    "min_ms": 530.9619903564453,
    "max_ms": 1057.41286277771,
    "p50_ms": 588.8320207595825,
    "p95_ms": 638.6810898780823,
    "p99_ms": 809.0578508377081
  },
  "sensor_encoding": {
    "mean_ms": 12.29157922053532,
    "std_ms": 18.48964004678284
  },
  "robot_encoding": {
    "mean_ms": 4.6357151922802835,
    "std_ms": 4.976099831189116
  },
  "action_prediction": {
    "mean_ms": 60.65023253983958,
    "std_ms": 24.83078553640405,
    "min_ms": 38.92803192138672,
    "max_ms": 357.2394847869873,
    "p50_ms": 53.15041542053223,
    "p95_ms": 122.26574420928951,
    "p99_ms": 150.27361392974854
  },
  "total_inference": {
    "mean_ms": 87.32773286445264,
    "std_ms": 52.29114455098786,
    "min_ms": 44.1279411315918,
    "max_ms": 373.2573986053467
  }
}