{
  "total_actions": 1959,
  "elapsed_time_sec": 233.47391057014465,
  "average_fps": 8.390659132817499,
  "vl_encoding": {
    "count": 341,
    "mean_ms": 597.2946710950118,
    "std_ms": 37.589984433949766,
    "min_ms": 501.02686882019043,
    "max_ms": 1004.8065185546875,
    "p50_ms": 594.4435596466064,
    "p95_ms": 632.1048736572266,
    "p99_ms": 669.2492961883546
  },
  "sensor_encoding": {
    "mean_ms": 10.668802467647971,
    "std_ms": 13.937583464640987
  },
  "robot_encoding": {
    "mean_ms": 4.811895350443271,
    "std_ms": 6.0259021923986325
  },
  "action_prediction": {
    "mean_ms": 79.94388694079461,
    "std_ms": 30.308412385470415,
    "min_ms": 39.44993019104004,
    "max_ms": 327.2099494934082,
    "p50_ms": 66.17474555969238,
    "p95_ms": 136.48064136505127,
    "p99_ms": 152.07196950912473
  },
  "total_inference": {
    "mean_ms": 104.42865056956212,
    "std_ms": 45.883868326914914,
    "min_ms": 45.37463188171387,
    "max_ms": 342.00572967529297
  }
}