{
  "total_actions": 1483,
  "elapsed_time_sec": 188.38207912445068,
  "average_fps": 7.872298718076506,
  "vl_encoding": {
    "count": 160,
    "mean_ms": 608.2329273223877,
    "std_ms": 51.251446115949115,
    "min_ms": 512.8662586212158,
    "max_ms": 1024.2087841033936,
    "p50_ms": 602.4893522262573,
    "p95_ms": 675.7660627365112,
    "p99_ms": 796.0022020339964
  },
  "sensor_encoding": {
    "mean_ms": 11.770187862335689,
    "std_ms": 16.341066863080385
  },
  "robot_encoding": {
    "mean_ms": 4.816274614110645,
    "std_ms": 5.786929092807225
  },
  "action_prediction": {
    "mean_ms": 61.69976128472222,
    "std_ms": 25.04783498337463,
    "min_ms": 38.69819641113281,
    "max_ms": 207.7481746673584,
    "p50_ms": 52.8559684753418,
    "p95_ms": 124.19035434722896,
    "p99_ms": 144.28194046020505
  },
  "total_inference": {
    "mean_ms": 85.79287615492771,
    "std_ms": 47.31629613069513,
    "min_ms": 44.04783248901367,
    "max_ms": 284.6953868865967
  }
}