{
  "total_actions": 1779,
  "elapsed_time_sec": 245.29273915290833,
  "average_fps": 7.252558743253396,
  "vl_encoding": {
    "count": 219,
    "mean_ms": 591.1312364552119,
    "std_ms": 50.694747293224005,
    "min_ms": 502.02131271362305,
    "max_ms": 1056.3890933990479,
    "p50_ms": 595.4689979553223,
    "p95_ms": 638.9449596405029,
    "p99_ms": 763.0358982086174
  },
  "sensor_encoding": {
    "mean_ms": 12.009611038061289,
    "std_ms": 15.437325733918033
  },
  "robot_encoding": {
    "mean_ms": 4.842298764448899,
    "std_ms": 5.9460246242752435
  },
  "action_prediction": {
    "mean_ms": 62.285126936741364,
    "std_ms": 26.474541348484426,
    "min_ms": 39.00647163391113,
    "max_ms": 306.0591220855713,
    "p50_ms": 53.771376609802246,
    "p95_ms": 130.67678213119504,
    "p99_ms": 150.40078163146978
  },
  "total_inference": {
    "mean_ms": 86.26483999765836,
    "std_ms": 47.06697936203979,
    "min_ms": 44.280052185058594,
    "max_ms": 321.32649421691895
  }
}