{
  "samples": 301,
  "sensor_top1": 0.046511627906976744,
  "vlm_top1": 0.04983388704318937,
  "pos_mean": 0.11496609152353483,
  "neg_mean": -1.9453127788150826,
  "scale_mean": 19.327367782592773,
  "scale_std": 0.0,
  "progress_segments": {
    "front": {
      "range": [
        0.8,
        0.8500000000000001
      ],
      "count": 17,
      "mean": 0.27530308462241115
    },
    "back": {
      "range": [
        0.95,
        1.0
      ],
      "count": 9,
      "mean": -0.2828126582834456
    },
    "per_episode": {
      "data_collection_20251115_001249": {
        "front_count": 1,
        "front_mean": 2.071227788925171,
        "back_count": 0,
        "back_mean": null
      },
      "data_collection_20251115_001808": {
        "front_count": 1,
        "front_mean": 1.0754729509353638,
        "back_count": 1,
        "back_mean": -0.6390975713729858
      },
      "data_collection_20251115_001852": {
        "front_count": 1,
        "front_mean": 1.3528265953063965,
        "back_count": 0,
        "back_mean": null
      },
      "data_collection_20251115_001936": {
        "front_count": 2,
        "front_mean": 2.184841275215149,
        "back_count": 1,
        "back_mean": 1.9408375024795532
      },
      "data_collection_20251115_002021": {
        "front_count": 2,
        "front_mean": 0.0030980184674263,
        "back_count": 1,
        "back_mean": -0.5675268173217773
      },
      "data_collection_20251115_002404": {
        "front_count": 2,
        "front_mean": -0.24424967169761658,
        "back_count": 1,
        "back_mean": 0.3340955674648285
      },
      "data_collection_20251115_002449": {
        "front_count": 2,
        "front_mean": -0.5359944142401218,
        "back_count": 1,
        "back_mean": -0.7335681319236755
      },
      "data_collection_20251115_002534": {
        "front_count": 1,
        "front_mean": -1.4478092193603516,
        "back_count": 1,
        "back_mean": -0.7747085690498352
      },
      "data_collection_20251115_002619": {
        "front_count": 1,
        "front_mean": 1.0144191980361938,
        "back_count": 0,
        "back_mean": null
      },
      "data_collection_20251115_002703": {
        "front_count": 1,
        "front_mean": -1.1048967838287354,
        "back_count": 1,
        "back_mean": -0.4794204831123352
      },
      "data_collection_20251115_002747": {
        "front_count": 2,
        "front_mean": 0.004365004599094391,
        "back_count": 1,
        "back_mean": -1.051298975944519
      },
      "data_collection_20251115_002832": {
        "front_count": 1,
        "front_mean": -1.1052085161209106,
        "back_count": 1,
        "back_mean": -0.5746264457702637
      }
    }
  },
  "progress_profile": [
    {
      "start": 0.0,
      "end": 0.025,
      "count": 0,
      "mean": null
    },
    {
      "start": 0.025,
      "end": 0.05,
      "count": 9,
      "mean": -0.41436121861139935
    },
    {
      "start": 0.05,
      "end": 0.07500000000000001,
      "count": 7,
      "mean": 0.22277876628296717
    },
    {
      "start": 0.07500000000000001,
      "end": 0.1,
      "count": 8,
      "mean": -0.474822536110878
    },
    {
      "start": 0.1,
      "end": 0.125,
      "count": 6,
      "mean": 0.6316932267024337
    },
    {
      "start": 0.125,
      "end": 0.15000000000000002,
      "count": 8,
      "mean": -0.44255414698272943
    },
    {
      "start": 0.15000000000000002,
      "end": 0.17500000000000002,
      "count": 9,
      "mean": -0.031757622957229614
    },
    {
      "start": 0.17500000000000002,
      "end": 0.2,
      "count": 8,
      "mean": 0.014902828494086862
    },
    {
      "start": 0.2,
      "end": 0.225,
      "count": 6,
      "mean": -0.07252630094687144
    },
    {
      "start": 0.225,
      "end": 0.25,
      "count": 6,
      "mean": 0.6035765111446381
    },
    {
      "start": 0.25,
      "end": 0.275,
      "count": 9,
      "mean": -0.05026166968875461
    },
    {
      "start": 0.275,
      "end": 0.30000000000000004,
      "count": 8,
      "mean": -0.23454038193449378
    },
    {
      "start": 0.30000000000000004,
      "end": 0.325,
      "count": 8,
      "mean": 0.5383964888751507
    },
    {
      "start": 0.325,
      "end": 0.35000000000000003,
      "count": 8,
      "mean": -0.18156233429908752
    },
    {
      "start": 0.35000000000000003,
      "end": 0.375,
      "count": 4,
      "mean": 0.9536901786923409
    },
    {
      "start": 0.375,
      "end": 0.4,
      "count": 10,
      "mean": -0.10151924192905426
    },
    {
      "start": 0.4,
      "end": 0.42500000000000004,
      "count": 10,
      "mean": 0.33201876282691956
    },
    {
      "start": 0.42500000000000004,
      "end": 0.45,
      "count": 5,
      "mean": 0.1537736773490906
    },
    {
      "start": 0.45,
      "end": 0.47500000000000003,
      "count": 9,
      "mean": 0.07503479884730445
    },
    {
      "start": 0.47500000000000003,
      "end": 0.5,
      "count": 3,
      "mean": 0.16536399722099304
    },
    {
      "start": 0.5,
      "end": 0.525,
      "count": 10,
      "mean": 0.05780947059392929
    },
    {
      "start": 0.525,
      "end": 0.55,
      "count": 9,
      "mean": 0.11350203057130177
    },
    {
      "start": 0.55,
      "end": 0.5750000000000001,
      "count": 5,
      "mean": 0.32414757609367373
    },
    {
      "start": 0.5750000000000001,
      "end": 0.6000000000000001,
      "count": 10,
      "mean": 0.2824807658791542
    },
    {
      "start": 0.6000000000000001,
      "end": 0.625,
      "count": 6,
      "mean": 0.3466837468246619
    },
    {
      "start": 0.625,
      "end": 0.65,
      "count": 8,
      "mean": 0.2895215470343828
    },
    {
      "start": 0.65,
      "end": 0.675,
      "count": 8,
      "mean": -0.07378170103766024
    },
    {
      "start": 0.675,
      "end": 0.7000000000000001,
      "count": 8,
      "mean": 0.6159459985792637
    },
    {
      "start": 0.7000000000000001,
      "end": 0.7250000000000001,
      "count": 8,
      "mean": -0.2688863594084978
    },
    {
      "start": 0.7250000000000001,
      "end": 0.75,
      "count": 4,
      "mean": 0.5767955556511879
    },
    {
      "start": 0.75,
      "end": 0.775,
      "count": 11,
      "mean": 0.17582159624858337
    },
    {
      "start": 0.775,
      "end": 0.8,
      "count": 6,
      "mean": -0.032288153966267906
    },
    {
      "start": 0.8,
      "end": 0.8250000000000001,
      "count": 8,
      "mean": 0.2630914971232414
    },
    {
      "start": 0.8250000000000001,
      "end": 0.8500000000000001,
      "count": 9,
      "mean": 0.2861578290661176
    },
    {
      "start": 0.8500000000000001,
      "end": 0.875,
      "count": 4,
      "mean": 0.24094922840595245
    },
    {
      "start": 0.875,
      "end": 0.9,
      "count": 10,
      "mean": 0.3205210894346237
    },
    {
      "start": 0.9,
      "end": 0.925,
      "count": 8,
      "mean": -0.20003555342555046
    },
    {
      "start": 0.925,
      "end": 0.9500000000000001,
      "count": 7,
      "mean": 0.6720806126083646
    },
    {
      "start": 0.9500000000000001,
      "end": 0.9750000000000001,
      "count": 9,
      "mean": -0.2828126582834456
    },
    {
      "start": 0.9750000000000001,
      "end": 1.0,
      "count": 12,
      "mean": 0.21953586240609488
    }
  ],
  "early_late_segments": {
    "early_range": [
      0.0,
      0.8
    ],
    "late_range": [
      0.9,
      1.0
    ],
    "early": {
      "count": 234,
      "mean": 0.09641976051433529
    },
    "middle": {
      "count": 31,
      "mean": 0.28545678214680764
    },
    "late": {
      "count": 36,
      "mean": 0.0887054523660077
    }
  }
}